{
  "ID" : "0",
  "STATE" : "AVAILABLE",
  "LOC_X" : 28.532511269732588,
  "LOC_Y" : -163.74627096575927,
  "DIR_X" : -0.9176617804582842,
  "DIR_Y" : -0.39736237452246537,
  "SPEED" : 0.0,
  "BATTERY" : 60
}