{
  "ID" : "0",
  "STATE" : "AVAILABLE",
  "LOC_X" : 62.35800047595348,
  "LOC_Y" : -116.35883609270496,
  "DIR_X" : 0.942132410207837,
  "DIR_Y" : -0.33524099038747024,
  "SPEED" : 0.0,
  "BATTERY" : 6
}