{
  "ID" : "0",
  "STATE" : "IN_USE",
  "LOC_X" : 55.8727071306926,
  "LOC_Y" : -130.54597388452137,
  "DIR_X" : -0.9827345009428508,
  "DIR_Y" : -0.1850213518937912,
  "SPEED" : 1.0,
  "BATTERY" : 92
}