{
  "ID" : "0",
  "STATE" : "AVAILABLE",
  "LOC_X" : 19.426147547254295,
  "LOC_Y" : -166.76388736981906,
  "DIR_X" : -0.7888279122695632,
  "DIR_Y" : -0.6146141267693433,
  "SPEED" : 0.0,
  "BATTERY" : 57
}