{
  "ID" : "0",
  "STATE" : "AVAILABLE",
  "LOC_X" : 34.33588530040785,
  "LOC_Y" : -176.19450165488416,
  "DIR_X" : -0.10298588636356479,
  "DIR_Y" : 0.9946828173894987,
  "SPEED" : 0.0,
  "BATTERY" : 58
}