{
  "ID" : "1",
  "STATE" : "AVAILABLE",
  "LOC_X" : 84.1839518427897,
  "LOC_Y" : 62.45706792240149,
  "DIR_X" : 0.5366647418382752,
  "DIR_Y" : 0.8437955646171988,
  "SPEED" : 0.0,
  "BATTERY" : 83
}