{
  "ID" : "1",
  "STATE" : "MAINTENANCE",
  "LOC_X" : 90.45134260996826,
  "LOC_Y" : 79.08375406984194,
  "DIR_X" : 0.7952079606987947,
  "DIR_Y" : -0.6063367869767298,
  "SPEED" : 0.0,
  "BATTERY" : 0
}