{
  "ID" : "3",
  "STATE" : "MAINTENANCE",
  "LOC_X" : 13.117207464304606,
  "LOC_Y" : 16.70407528513523,
  "DIR_X" : 0.6968498509164169,
  "DIR_Y" : 0.7172170419599408,
  "SPEED" : 0.0,
  "BATTERY" : 0
}