{
  "ID" : "9999",
  "STATE" : "AVAILABLE",
  "LOC_X" : 58.38800588897865,
  "LOC_Y" : 37.461095764621504,
  "DIR_X" : 0.7165101665583017,
  "DIR_Y" : -0.6975766489917756,
  "SPEED" : 1.0,
  "BATTERY" : 96
}